50,1,1024,1E-05,20,10,Wame,0.85,0.834377349035329,0.822851415685292,0.826609872212478,0.835129040340767,0.727386619894763,0.799599198396794,0.81813627254509,0.824899799599198,0.831412825651303,0.815130260521042,0.826576576576577,0.804054054054054,0.833333333333333,0.826576576576577,0.752252252252252,0.805869074492099,0.851015801354402,0.82844243792325,0.812641083521445,0.82392776523702,6.85025822196621,0,107,103,7,1,48,41,5,2,97,96,19,3,41,13,10,4,47,22,6,5,104,92,30,0.794580105091725,0.746041312079355,0.755730919509524,0,107,101,5,1,48,43,8,2,96,87,13,3,42,2,3,4,47,27,9,5,104,97,49,0.74672516753518,0.716798001232655,0.702751261764499,0,107,104,8,1,48,38,5,2,96,86,17,3,42,16,14,4,47,34,11,5,104,92,19,0.794160255470748,0.774739106284891,0.781441160852713,0,108,98,6,1,47,44,5,2,96,92,19,3,42,8,15,4,47,34,8,5,104,91,24,0.769624991518132,0.765131899883673,0.76188881257139,0,108,84,5,1,48,45,21,2,96,94,24,3,42,0,2,4,47,24,18,5,103,87,40,0.613119419588575,0.674957156081924,0.636102969476308,0,107,95,5,1,48,42,3,2,96,94,16,3,42,5,5,4,47,26,16,5,103,95,41,0.759242636446721,0.722764389908848,0.71754633270905,0,107,103,7,1,48,44,7,2,96,93,12,3,41,24,17,4,47,29,5,5,104,84,18,0.82444324366714,0.809685487840527,0.813419999272064,0,107,103,4,1,48,45,7,2,96,93,15,3,41,9,12,4,47,29,7,5,104,88,31,0.777122555227281,0.758592356716908,0.758789492924141,0,107,96,5,1,48,46,5,2,96,87,22,3,41,18,19,4,47,27,8,5,104,86,24,0.78172570185982,0.767032524548156,0.770827284089003,0,107,100,17,1,48,42,3,2,96,87,20,3,41,6,4,4,47,32,8,5,104,98,26,0.798573480136113,0.747554943134075,0.74730020508829
100,1,1024,1E-05,20,10,Wame,0.85,0.846404409922325,0.838887496867953,0.834878476572288,0.84239538962666,0.838135805562516,0.859218436873747,0.833416833667335,0.847695390781563,0.852705410821643,0.831162324649299,0.837837837837838,0.858108108108108,0.81981981981982,0.817567567567567,0.851351351351351,0.81941309255079,0.817155756207675,0.866817155756208,0.812641083521445,0.835214446952596,6.9337889640592,0,107,106,6,1,48,44,7,2,97,89,16,3,41,11,11,4,47,27,6,5,104,95,26,0.793349750367009,0.763511491994128,0.767794055122482,0,107,103,3,1,48,45,3,2,96,93,16,3,42,13,9,4,47,32,8,5,104,95,24,0.825272923502172,0.79545053904084,0.800975557372525,0,107,100,5,1,48,44,8,2,96,91,11,3,42,17,23,4,47,30,7,5,104,82,26,0.7809602885571,0.771780681358256,0.774182151931991,0,108,105,6,1,47,47,5,2,96,91,16,3,42,16,23,4,47,24,7,5,104,80,24,0.775656686229721,0.76349338949073,0.76410464932189,0,108,105,3,1,48,45,12,2,96,94,16,3,42,15,8,4,47,29,5,5,103,90,22,0.820821313175762,0.78947323839908,0.792797264145171,0,107,102,6,1,48,47,8,2,96,88,12,3,42,19,26,4,47,28,6,5,103,79,22,0.784486625131861,0.777370047644145,0.777011198284251,0,107,103,7,1,48,44,8,2,96,88,18,3,41,7,13,4,47,26,4,5,104,94,31,0.763562138070155,0.737286584381361,0.737731575819136,0,107,99,3,1,48,46,4,2,96,88,12,3,41,26,19,4,47,37,6,5,104,88,15,0.843866676897002,0.844627979171711,0.8435363409222,0,107,107,6,1,48,44,2,2,96,90,14,3,41,11,27,4,47,29,7,5,104,79,27,0.768186878001477,0.749849335134104,0.756425771825493,0,107,100,4,1,48,41,1,2,96,96,22,3,41,4,3,4,47,32,8,5,104,97,35,0.809594219337539,0.749975075508476,0.746751236662467
150,1,1024,1E-05,20,10,Wame,0.85,0.853670759208218,0.802806314206966,0.853921322976697,0.849160611375595,0.849912302681032,0.839428857715431,0.834919839679359,0.846693386773547,0.852454909819639,0.834669338677355,0.826576576576577,0.779279279279279,0.862612612612613,0.846846846846847,0.849099099099099,0.841986455981941,0.848758465011287,0.841986455981941,0.835214446952596,0.853273137697517,6.97653752297629,0,107,105,6,1,48,44,8,2,97,90,20,3,41,12,15,4,47,26,6,5,104,90,22,0.778466247214893,0.7561781935006,0.759561721215146,0,107,98,11,1,48,35,6,2,96,94,19,3,42,4,4,4,47,24,15,5,104,91,43,0.729848100909488,0.684182929485176,0.679381868233183,0,107,102,3,1,48,44,5,2,96,92,15,3,42,17,11,4,47,38,6,5,104,90,21,0.8351318117993,0.817821364413629,0.822328834929765,0,108,101,3,1,47,44,1,2,96,92,26,3,42,15,12,4,47,32,4,5,104,92,22,0.830009104862645,0.792049672812084,0.803178109152444,0,108,105,3,1,48,46,8,2,96,95,17,3,42,16,6,4,47,25,7,5,103,90,26,0.826112192669492,0.784465428537547,0.790412290887555,0,107,106,11,1,48,45,4,2,96,90,14,3,42,13,6,4,47,25,5,5,103,94,30,0.827557207345664,0.769952377995268,0.779672935471313,0,107,102,2,1,48,45,5,2,96,94,13,3,41,9,7,4,47,34,9,5,104,92,31,0.810073176291717,0.782911588293422,0.782203013673976,0,107,102,2,1,48,45,6,2,96,91,11,3,41,14,20,4,47,31,3,5,104,90,28,0.806920051809033,0.784185032134653,0.79078061924009,0,107,102,4,1,48,46,6,2,96,94,18,3,41,15,17,4,47,25,8,5,104,88,20,0.787884303704532,0.772448904390806,0.774623369295569,0,107,103,4,1,48,45,7,2,96,92,13,3,41,18,12,4,47,30,10,5,104,90,19,0.81331333123191,0.800192838955364,0.8033012593617
200,1,1024,1E-05,20,10,Wame,0.85,0.854923578050614,0.855424705587572,0.830117764971185,0.855174141819093,0.847657228764721,0.842685370741483,0.853707414829659,0.848697394789579,0.824148296593186,0.840931863727455,0.858108108108108,0.835585585585586,0.813063063063063,0.81981981981982,0.867117117117117,0.839729119638826,0.880361173814898,0.82392776523702,0.801354401805869,0.860045146726862,6.99922101397533,0,107,105,5,1,48,45,3,2,97,87,10,3,41,15,13,4,47,37,10,5,104,92,22,0.819819757193231,0.808903118902493,0.811367083362236,0,107,105,5,1,48,45,8,2,96,95,11,3,42,15,14,4,47,23,5,5,104,88,30,0.79737685600134,0.766841691662108,0.771347740149368,0,107,100,2,1,48,47,11,2,96,89,13,3,42,11,17,4,47,27,9,5,104,87,31,0.757238547083306,0.752290124633657,0.748565343045244,0,108,101,6,1,47,45,5,2,96,94,18,3,42,14,19,4,47,29,10,5,104,81,22,0.772908480457608,0.766833237356287,0.766929453741359,0,108,102,2,1,48,43,4,2,96,89,10,3,42,19,15,4,47,38,7,5,103,94,21,0.835885337496069,0.823479010168873,0.82813668316304,0,107,99,3,1,48,45,5,2,96,90,14,3,42,20,13,4,47,31,11,5,103,87,25,0.80948573485207,0.796776463885025,0.800833440014444,0,107,99,2,1,48,47,4,2,96,90,14,3,41,21,11,4,47,37,3,5,104,96,19,0.863863978554088,0.844067733184636,0.850674588879933,0,107,98,4,1,48,43,3,2,96,92,17,3,41,12,13,4,47,31,13,5,104,89,28,0.780805472481691,0.763013523802927,0.766773090766928,0,107,107,7,1,48,44,6,2,96,91,17,3,41,14,21,4,47,19,7,5,104,80,30,0.75320517364244,0.729922139391197,0.732512397869015,0,107,105,4,1,48,45,9,2,96,89,17,3,41,13,3,4,47,31,6,5,104,98,23,0.849418986722475,0.794141179278799,0.800184997000202
250,1,1024,1E-05,20,10,Wame,0.85,0.878226008519168,0.855424705587572,0.867201202706089,0.870458531696317,0.866198947632172,0.858717434869739,0.858967935871744,0.851953907815631,0.859218436873747,0.856713426853707,0.867117117117117,0.844594594594595,0.855855855855856,0.855855855855856,0.849099099099099,0.882618510158014,0.839729119638826,0.841986455981941,0.855530474040632,0.851015801354402,6.99826156289782,0,107,105,5,1,48,46,5,2,97,94,13,3,41,19,6,4,47,33,15,5,104,88,15,0.839479973964408,0.820068341561899,0.823223242613935,0,107,102,2,1,48,45,6,2,96,93,15,3,42,10,7,4,47,31,8,5,104,94,31,0.809890062006114,0.77683948134398,0.778092373554174,0,107,101,4,1,48,46,6,2,96,91,18,3,42,14,9,4,47,35,5,5,104,93,22,0.828962306030025,0.803736697878798,0.80755284447351,0,108,102,6,1,47,46,5,2,96,91,15,3,42,20,13,4,47,31,5,5,104,90,20,0.831708221690169,0.812039012504438,0.817608805637348,0,108,103,4,1,48,46,5,2,96,92,12,3,42,16,14,4,47,35,7,5,103,85,25,0.814764488457496,0.803541053472197,0.806085971329897,0,107,106,2,1,48,46,5,2,96,94,14,3,42,10,1,4,47,35,2,5,103,100,28,0.89834991519792,0.813634013529052,0.818900126297791,0,107,102,5,1,48,45,5,2,96,88,16,3,41,17,22,4,47,32,7,5,104,88,16,0.800331496124632,0.791512791838191,0.794496377889762,0,107,94,5,1,48,44,5,2,96,95,21,3,41,13,6,4,47,34,15,5,104,93,18,0.813724260929094,0.78657714469647,0.787141202433849,0,107,104,9,1,48,47,6,2,96,96,14,3,41,9,4,4,47,27,6,5,104,96,25,0.830625274681364,0.778031081132392,0.778308852681934,0,107,106,2,1,48,46,6,2,96,92,19,3,41,15,10,4,47,31,6,5,104,87,23,0.820612103943981,0.794881243405716,0.800110034167883
300,1,1024,1E-05,20,10,Wame,0.85,0.868955149085442,0.863192182410423,0.85316963167126,0.848158356301679,0.853670759208218,0.851953907815631,0.851202404809619,0.86748496993988,0.855711422845691,0.856212424849699,0.855855855855856,0.824324324324324,0.855855855855856,0.817567567567567,0.86036036036036,0.839729119638826,0.853273137697517,0.862302483069978,0.880361173814898,0.866817155756208,6.9430306670256,0,107,103,4,1,48,42,1,2,97,84,8,3,41,20,18,4,47,37,14,5,104,94,19,0.822678146560224,0.813746879720222,0.817062205972898,0,107,103,2,1,48,46,3,2,96,88,14,3,42,12,18,4,47,30,9,5,104,87,32,0.780466032565604,0.76636124033718,0.7700529033794,0,107,104,5,1,48,44,6,2,96,93,13,3,42,17,14,4,47,30,8,5,104,92,18,0.814285224712216,0.797509074201135,0.802193847875568,0,108,105,4,1,47,43,4,2,96,88,19,3,42,7,15,4,47,31,6,5,104,89,33,0.764359021431662,0.747632145238528,0.749014413943947,0,108,104,3,1,48,47,6,2,96,95,12,3,42,18,12,4,47,31,9,5,103,87,20,0.822448274847294,0.810753175632376,0.81255177122261,0,107,104,5,1,48,43,2,2,96,90,8,3,42,11,11,4,47,32,9,5,103,92,36,0.804548191288446,0.773542609897576,0.780514786802785,0,107,104,3,1,48,45,10,2,96,92,14,3,41,17,11,4,47,30,7,5,104,90,20,0.815700741572217,0.797685430703711,0.800800157699787,0,107,100,9,1,48,45,3,2,96,93,20,3,41,15,8,4,47,34,5,5,104,95,16,0.842960780483819,0.807258148594935,0.816091113898003,0,107,105,4,1,48,48,5,2,96,91,15,3,41,20,9,4,47,32,4,5,104,94,16,0.860090535254819,0.833621195601057,0.84078749201848,0,107,102,4,1,48,47,5,2,96,92,16,3,41,18,8,4,47,32,6,5,104,93,20,0.845897326942578,0.817479541890307,0.824517454889287
350,1,1024,1E-05,20,10,Wame,0.85,0.867952894011526,0.860686544725633,0.851666249060386,0.861688799799549,0.859934853420195,0.85996993987976,0.855961923847695,0.857965931863727,0.856713426853707,0.859719438877755,0.88963963963964,0.858108108108108,0.846846846846847,0.849099099099099,0.855855855855856,0.860045146726862,0.851015801354402,0.862302483069978,0.851015801354402,0.841986455981941,6.91726011491846,0,107,106,4,1,48,47,3,2,97,95,13,3,41,19,6,4,47,32,4,5,104,96,19,0.877822915140122,0.836090822771027,0.847754284780304,0,107,105,6,1,48,45,5,2,96,91,13,3,42,17,12,4,47,33,9,5,104,90,18,0.821033410256189,0.806499876267102,0.810195495974775,0,107,104,5,1,48,44,3,2,96,84,7,3,42,21,20,4,47,33,9,5,104,90,24,0.816793111346365,0.805190259741364,0.810159946257713,0,108,104,6,1,47,44,2,2,96,90,21,3,42,14,8,4,47,35,7,5,104,90,23,0.829824040345777,0.79667199591845,0.803906693014971,0,108,104,2,1,48,46,6,2,96,94,19,3,42,13,9,4,47,29,3,5,103,94,25,0.830780154075472,0.789938234717636,0.79645970161054,0,107,104,6,1,48,46,4,2,96,90,16,3,42,17,11,4,47,33,5,5,103,91,20,0.834982479802282,0.809696776687201,0.816840354684206,0,107,100,2,1,48,46,1,2,96,94,17,3,41,10,9,4,47,34,7,5,104,93,30,0.819607341847986,0.788936150471107,0.793169212956251,0,107,106,7,1,48,45,5,2,96,94,15,3,41,24,16,4,47,30,7,5,104,83,11,0.832371325442177,0.821510253558338,0.824056504377711,0,107,100,6,1,48,46,5,2,96,93,16,3,41,15,7,4,47,29,5,5,104,94,27,0.835031147052407,0.791397310260692,0.800562092129752,0,107,104,6,1,48,47,9,2,96,90,21,3,41,18,11,4,47,24,3,5,104,90,20,0.820551905464154,0.783946097831659,0.789332095803839
400,1,1024,1E-05,20,10,Wame,0.85,0.870207967927838,0.856677524429967,0.860937108494112,0.861187672262591,0.863192182410423,0.864478957915832,0.862725450901804,0.848697394789579,0.857214428857716,0.865480961923848,0.864864864864865,0.855855855855856,0.844594594594595,0.826576576576577,0.858108108108108,0.862302483069978,0.839729119638826,0.844243792325056,0.880361173814898,0.887133182844244,6.92875229602214,0,107,105,0,1,48,47,4,2,97,91,19,3,41,16,11,4,47,36,7,5,104,89,19,0.833786220617923,0.818431664632549,0.821583152812184,0,107,103,4,1,48,45,2,2,96,92,18,3,42,18,13,4,47,35,6,5,104,87,21,0.832714420121171,0.811373482822827,0.818758179007107,0,107,103,3,1,48,44,7,2,96,92,20,3,42,15,14,4,47,29,5,5,104,92,20,0.807913818312745,0.782732723463982,0.788512811545708,0,108,107,7,1,47,43,5,2,96,90,19,3,42,14,10,4,47,27,12,5,104,86,24,0.786262850901124,0.762976475520802,0.767193936798499,0,108,105,4,1,48,45,9,2,96,94,9,3,42,15,13,4,47,33,6,5,103,89,22,0.815487896418671,0.802039512584854,0.803767914070163,0,107,105,7,1,48,46,2,2,96,91,15,3,42,17,12,4,47,31,6,5,103,92,19,0.834532910430131,0.807516444592852,0.815834850545842,0,107,104,5,1,48,45,7,2,96,92,11,3,41,15,13,4,47,27,9,5,104,89,26,0.795390711405201,0.777314487427994,0.78095941411704,0,107,102,4,1,48,46,5,2,96,92,13,3,41,15,10,4,47,26,7,5,104,93,30,0.814065293382181,0.780535601972185,0.787731834649486,0,107,105,2,1,48,48,4,2,96,95,20,3,41,19,11,4,47,37,2,5,104,86,14,0.86208726214268,0.841410583028483,0.846765997224839,0,107,105,4,1,48,47,3,2,96,94,11,3,41,23,10,4,47,33,7,5,104,91,15,0.863166851755084,0.846290835646475,0.852273042736111
50,2,1024,1E-05,20,10,Wame,0.85,0.816336757704836,0.808819844650463,0.829115509897269,0.670759208218492,0.823101979453771,0.810120240480962,0.81938877755511,0.637274549098196,0.783316633266533,0.820891783567134,0.824324324324324,0.79954954954955,0.833333333333333,0.65990990990991,0.837837837837838,0.81941309255079,0.82392776523702,0.661399548532731,0.749435665914221,0.81038374717833,8.05484510201495,0,107,87,2,1,48,44,4,2,97,97,35,3,41,11,6,4,47,33,5,5,104,94,26,0.821309408481134,0.767336212527275,0.774441664635954,0,107,87,3,1,48,46,6,2,96,89,27,3,42,15,17,4,47,29,6,5,104,89,30,0.777290669803299,0.754739023887339,0.75896668812942,0,107,104,3,1,48,43,5,2,96,93,26,3,42,5,3,4,47,32,12,5,104,93,25,0.798286145946214,0.75511256704399,0.745674461680113,0,108,105,13,1,47,42,5,2,96,8,5,3,42,21,90,4,47,29,9,5,104,88,29,0.683885996864727,0.65205794993029,0.620475397876371,0,108,102,8,1,48,43,6,2,96,90,17,3,42,15,11,4,47,31,7,5,103,91,23,0.806150567940314,0.779665041439468,0.786395862410111,0,107,98,9,1,48,41,3,2,96,90,26,3,42,6,6,4,47,35,11,5,103,93,25,0.778762209946431,0.749667522069025,0.745464692553504,0,107,97,3,1,48,42,4,2,96,92,25,3,41,9,10,4,47,32,9,5,104,93,27,0.783090046663559,0.755744902931768,0.758715787333634,0,107,74,6,1,48,46,45,2,96,94,52,3,41,5,13,4,47,26,29,5,104,48,5,0.621749258298356,0.627628325909848,0.586822378810117,0,107,92,7,1,48,43,9,2,96,94,48,3,41,1,8,4,47,19,7,5,104,83,32,0.663634551584896,0.660255928373408,0.643609777065182,0,107,103,7,1,48,40,6,2,96,93,18,3,41,1,2,4,47,23,12,5,104,99,39,0.725272364399965,0.705062529786069,0.687255880552415
100,2,1024,1E-05,20,10,Wame,0.85,0.86143823603107,0.845402154848409,0.848408920070158,0.855424705587572,0.854673014282135,0.837424849699399,0.838677354709419,0.846693386773547,0.850200400801603,0.838927855711423,0.86036036036036,0.871621621621622,0.849099099099099,0.826576576576577,0.842342342342342,0.81941309255079,0.830699774266366,0.835214446952596,0.851015801354402,0.841986455981941,7.97852170700207,0,107,105,8,1,48,48,3,2,97,89,16,3,41,17,15,4,47,33,5,5,104,90,15,0.829135494632748,0.813496767618563,0.818149762463927,0,107,106,7,1,48,47,1,2,96,92,13,3,42,13,6,4,47,35,3,5,104,94,27,0.862588817036479,0.814367503340212,0.823923398516048,0,107,104,7,1,48,46,5,2,96,91,16,3,42,13,9,4,47,30,9,5,104,93,21,0.810882390797596,0.786710844652906,0.789518086879795,0,108,102,6,1,47,46,5,2,96,91,26,3,42,12,17,4,47,36,5,5,104,80,18,0.788725236846094,0.781997836186666,0.780994873893477,0,108,104,11,1,48,42,3,2,96,94,11,3,42,17,12,4,47,28,9,5,103,89,24,0.810582254571236,0.780285647524252,0.790149765903585,0,107,107,10,1,48,43,7,2,96,90,14,3,42,7,7,4,47,23,8,5,103,93,34,0.769022246390425,0.732045720581147,0.730224567482472,0,107,102,3,1,48,43,6,2,96,90,26,3,41,8,11,4,47,34,8,5,104,91,21,0.777986350316126,0.763355094651563,0.761870482607456,0,107,103,7,1,48,45,5,2,96,91,14,3,41,6,7,4,47,32,8,5,104,93,32,0.784761460759857,0.761576130928627,0.75720503659867,0,107,104,5,1,48,42,3,2,96,96,17,3,41,10,7,4,47,33,11,5,104,92,23,0.812542431655381,0.779601350006112,0.782522336014143,0,107,106,5,1,48,46,7,2,96,88,14,3,41,12,16,4,47,27,4,5,104,94,24,0.796962320214356,0.77277522856488,0.776539611338289
150,2,1024,1E-05,20,10,Wame,0.85,0.849912302681032,0.85592583312453,0.856928088198446,0.857679779503884,0.857930343272363,0.855711422845691,0.864729458917836,0.862725450901804,0.853206412825651,0.862725450901804,0.828828828828829,0.846846846846847,0.880630630630631,0.844594594594595,0.86036036036036,0.851015801354402,0.837471783295711,0.851015801354402,0.860045146726862,0.869074492099323,8.07029640802648,0,107,103,8,1,48,45,4,2,97,88,12,3,41,15,18,4,47,29,11,5,104,88,23,0.783105587032909,0.772727016426907,0.776144486357917,0,107,104,7,1,48,45,6,2,96,92,13,3,42,14,8,4,47,31,11,5,104,90,23,0.811066567624191,0.787681394493136,0.790377422628733,0,107,106,2,1,48,47,4,2,96,95,16,3,42,11,6,4,47,36,3,5,104,96,22,0.857100172236367,0.818390556232945,0.821395230014472,0,108,106,8,1,47,44,5,2,96,92,12,3,42,15,13,4,47,30,4,5,104,88,27,0.815947291313132,0.786263267202984,0.794097793111689,0,108,107,6,1,48,47,8,2,96,88,13,3,42,15,11,4,47,31,5,5,103,94,19,0.823771305538469,0.80265212642089,0.805480493128846,0,107,106,5,1,48,41,0,2,96,92,11,3,42,15,11,4,47,32,10,5,103,91,29,0.824220001767073,0.787440545368531,0.799144931007707,0,107,104,6,1,48,44,4,2,96,91,18,3,41,13,15,4,47,33,9,5,104,86,20,0.793050725358578,0.780444976230836,0.78340485616575,0,107,103,4,1,48,47,2,2,96,88,16,3,41,14,13,4,47,33,3,5,104,92,28,0.828301032316036,0.797776102431206,0.806677164546728,0,107,106,8,1,48,46,4,2,96,88,16,3,41,10,6,4,47,33,6,5,104,98,22,0.830633153394607,0.792331999419004,0.795228430242988,0,107,103,5,1,48,45,3,2,96,89,12,3,41,24,16,4,47,38,7,5,104,86,15,0.844720235911159,0.841333287440454,0.842816128905083
200,2,1024,1E-05,20,10,Wame,0.85,0.882485592583313,0.863693309947382,0.862440491104986,0.862440491104986,0.864445001252819,0.868236472945892,0.875250501002004,0.865981963927856,0.862975951903808,0.869238476953908,0.862612612612613,0.869369369369369,0.869369369369369,0.842342342342342,0.858108108108108,0.851015801354402,0.866817155756208,0.855530474040632,0.875846501128668,0.869074492099323,8.07999050302897,0,107,102,3,1,48,46,2,2,97,95,23,3,41,14,9,4,47,36,8,5,104,90,16,0.83513012077417,0.810631880249493,0.815028343760268,0,107,106,4,1,48,47,5,2,96,93,7,3,42,16,11,4,47,37,8,5,104,87,23,0.833867737199689,0.823882626219696,0.824523028509935,0,107,105,4,1,48,46,5,2,96,90,11,3,42,19,13,4,47,34,7,5,104,92,18,0.835955762426097,0.822923722810629,0.826879100886979,0,108,106,3,1,47,46,5,2,96,90,9,3,42,11,8,4,47,26,6,5,104,95,39,0.813988558319462,0.771043779244134,0.776002311978344,0,108,104,6,1,48,46,3,2,96,93,17,3,42,15,8,4,47,33,9,5,103,90,20,0.830959103007293,0.803850536796768,0.808946097909348,0,107,105,5,1,48,46,4,2,96,83,9,3,42,21,21,4,47,36,10,5,103,86,17,0.815713253257399,0.817522330166801,0.816440195581056,0,107,104,5,1,48,45,1,2,96,91,16,3,41,15,14,4,47,39,8,5,104,90,15,0.831171345023235,0.819734131908808,0.822760696177017,0,107,103,6,1,48,47,4,2,96,91,18,3,41,11,7,4,47,31,4,5,104,96,25,0.831933161296648,0.790107371642016,0.795552630199003,0,107,107,4,1,48,46,7,2,96,94,15,3,41,16,9,4,47,34,4,5,104,91,16,0.846579657530442,0.821024692959695,0.82617056037367,0,107,107,2,1,48,44,4,2,96,92,8,3,41,20,14,4,47,34,8,5,104,88,22,0.836012857741133,0.822060496586963,0.827665183500652
250,2,1024,1E-05,20,10,Wame,0.85,0.825607617138562,0.872713605612628,0.792032072162365,0.86695063893761,0.868704585316963,0.867735470941884,0.87124248496994,0.873997995991984,0.869238476953908,0.874498997995992,0.801801801801802,0.867117117117117,0.756756756756757,0.851351351351351,0.873873873873874,0.871331828442438,0.853273137697517,0.880361173814898,0.882618510158014,0.862302483069978,8.14675388904288,0,107,104,6,1,48,19,4,2,97,90,13,3,41,22,16,4,47,35,34,5,104,86,15,0.763834467247062,0.73397004925712,0.732195217392506,0,107,106,1,1,48,46,5,2,96,89,15,3,42,18,14,4,47,36,8,5,104,90,16,0.829687107106317,0.82266406050645,0.824130878239309,0,107,104,7,1,48,7,2,2,96,90,14,3,42,13,13,4,47,34,46,5,104,88,26,0.712838192441214,0.655729643525428,0.637477989460945,0,108,106,4,1,47,47,4,2,96,91,13,3,42,18,12,4,47,27,3,5,104,89,30,0.834684025123676,0.798034482099198,0.806860952785926,0,108,104,4,1,48,45,2,2,96,90,14,3,42,18,10,4,47,41,8,5,103,90,18,0.849786592819618,0.835443537472216,0.838644055564428,0,107,105,4,1,48,45,3,2,96,93,12,3,42,16,7,4,47,35,8,5,103,92,23,0.849353783380618,0.817732587787718,0.824869587264081,0,107,106,9,1,48,42,7,2,96,87,12,3,41,21,15,4,47,30,5,5,104,92,17,0.823697125680189,0.801168764085751,0.80904227603158,0,107,105,6,1,48,44,5,2,96,92,8,3,41,21,10,4,47,36,8,5,104,92,16,0.851893025747226,0.836512727431678,0.841960234980694,0,107,105,6,1,48,48,4,2,96,84,10,3,41,22,9,4,47,36,5,5,104,96,18,0.865411892215209,0.846988024492341,0.852923358758963,0,107,103,7,1,48,45,3,2,96,92,25,3,41,15,8,4,47,36,5,5,104,91,13,0.844235186035069,0.810876876851389,0.818765056483531
300,2,1024,1E-05,20,10,Wame,0.85,0.875469807065898,0.870458531696317,0.86695063893761,0.880230518667001,0.879228263593084,0.8812625250501,0.870991983967936,0.872995991983968,0.86998997995992,0.8687374749499,0.869369369369369,0.873873873873874,0.84009009009009,0.873873873873874,0.851351351351351,0.860045146726862,0.846501128668172,0.869074492099323,0.880361173814898,0.871331828442438,8.06581952795386,0,107,104,6,1,48,43,5,2,97,89,5,3,41,24,12,4,47,30,9,5,104,96,21,0.840751107638029,0.822010395404588,0.829354195658591,0,107,103,0,1,48,48,3,2,96,93,19,3,42,13,7,4,47,40,4,5,104,91,23,0.854811689426967,0.827825743623492,0.829703037122448,0,107,105,4,1,48,42,5,2,96,93,15,3,42,9,8,4,47,33,12,5,104,91,27,0.791993737231581,0.769411964179189,0.768415554009435,0,108,107,3,1,47,45,6,2,96,92,15,3,42,17,9,4,47,33,5,5,104,94,18,0.846074369795062,0.81954276679454,0.825543937046279,0,108,107,8,1,48,47,5,2,96,88,17,3,42,17,11,4,47,29,5,5,103,90,20,0.825107004389431,0.797023943866452,0.803682872802997,0,107,106,10,1,48,44,3,2,96,88,11,3,42,22,13,4,47,29,4,5,103,92,21,0.843395134081495,0.809670370473537,0.821305493459394,0,107,105,5,1,48,44,1,2,96,79,11,3,41,23,23,4,47,37,10,5,104,87,18,0.820984413536344,0.817606643066006,0.818657736636022,0,107,103,3,1,48,47,6,2,96,95,23,3,41,13,8,4,47,38,6,5,104,89,12,0.837907902214543,0.818786643704786,0.818082007222474,0,107,106,1,1,48,43,4,2,96,93,12,3,41,20,10,4,47,37,7,5,104,91,19,0.854351765530487,0.83421274325713,0.841387480354098,0,107,103,3,1,48,44,2,2,96,95,14,3,41,21,11,4,47,35,11,5,104,88,16,0.843842149454738,0.828649440266467,0.834053352490125
350,2,1024,1E-05,20,10,Wame,0.85,0.887246304184415,0.884239538962666,0.881483337509396,0.874216988223503,0.801302931596091,0.875501002004008,0.87875751503006,0.88376753507014,0.882014028056112,0.879509018036072,0.869369369369369,0.869369369369369,0.86036036036036,0.896396396396396,0.756756756756757,0.860045146726862,0.855530474040632,0.864559819413092,0.878103837471783,0.884875846501129,8.00719704700168,0,107,106,5,1,48,44,4,2,97,88,10,3,41,18,11,4,47,35,5,5,104,95,23,0.84505920103692,0.818617357814796,0.827741184073341,0,107,104,3,1,48,43,4,2,96,92,15,3,42,18,9,4,47,38,10,5,104,91,17,0.841265873978871,0.823035225059733,0.827309901962511,0,107,105,1,1,48,44,4,2,96,91,14,3,42,20,13,4,47,32,8,5,104,90,22,0.830588567615499,0.811386316658861,0.818392274452075,0,108,107,4,1,47,45,3,2,96,91,9,3,42,20,5,4,47,37,5,5,104,98,20,0.88715413658048,0.850306071161567,0.86074454691809,0,108,101,20,1,48,44,7,2,96,58,19,3,42,17,12,4,47,32,28,5,103,84,22,0.727115942525724,0.726194244615456,0.720389503570998,0,107,104,4,1,48,48,4,2,96,91,19,3,42,18,13,4,47,31,7,5,103,89,15,0.827586079841353,0.812017141674757,0.815567139512384,0,107,104,4,1,48,45,7,2,96,93,20,3,41,15,7,4,47,34,11,5,104,88,15,0.823849849551464,0.802270729472002,0.803826078357201,0,107,104,8,1,48,44,3,2,96,91,14,3,41,18,7,4,47,32,12,5,104,94,16,0.838871081635546,0.810044593012601,0.818136006189177,0,107,104,4,1,48,46,4,2,96,92,10,3,41,19,11,4,47,35,7,5,104,93,18,0.848238041962121,0.831825922988339,0.837059116711279,0,107,106,1,1,48,45,2,2,96,92,14,3,41,19,12,4,47,37,5,5,104,93,17,0.859222615770792,0.838561164145185,0.846218507651013
400,2,1024,1E-05,20,10,Wame,0.85,0.894512653470308,0.890253069406164,0.884239538962666,0.866198947632172,0.889000250563769,0.881012024048096,0.876753507014028,0.881763527054108,0.887274549098196,0.885521042084168,0.851351351351351,0.882882882882883,0.844594594594595,0.849099099099099,0.851351351351351,0.882618510158014,0.893905191873589,0.880361173814898,0.875846501128668,0.873589164785553,7.95237401593477,0,107,104,6,1,48,46,2,2,97,89,14,3,41,18,12,4,47,30,10,5,104,91,22,0.820529213865964,0.800023997655995,0.807044297001269,0,107,106,2,1,48,45,6,2,96,87,10,3,42,24,13,4,47,38,5,5,104,92,16,0.857493844979616,0.849826466658218,0.852775955669248,0,107,102,4,1,48,45,5,2,96,86,15,3,42,22,16,4,47,32,12,5,104,88,17,0.80967743887329,0.806236465860646,0.80743537311061,0,108,104,6,1,47,35,1,2,96,93,18,3,42,19,6,4,47,35,17,5,104,91,19,0.835977375975809,0.791409269578596,0.803459139096009,0,108,107,7,1,48,46,4,2,96,89,12,3,42,18,15,4,47,33,8,5,103,85,20,0.816606835631812,0.805349868999984,0.808933410944239,0,107,104,3,1,48,45,3,2,96,95,16,3,42,22,7,4,47,34,6,5,103,91,17,0.869421959152816,0.838292479152584,0.848537293270591,0,107,106,7,1,48,45,6,2,96,93,10,3,41,24,10,4,47,40,8,5,104,88,6,0.866450759818842,0.863247955867849,0.863065798550821,0,107,104,5,1,48,45,4,2,96,94,13,3,41,16,6,4,47,31,8,5,104,100,17,0.854640972839779,0.816664352591948,0.825125084109208,0,107,105,3,1,48,46,3,2,96,95,23,3,41,16,4,4,47,34,6,5,104,92,16,0.869655721671742,0.821248103375863,0.831195358154176,0,107,102,7,1,48,42,2,2,96,91,7,3,41,23,4,4,47,33,14,5,104,96,22,0.864405922180258,0.82706131451859,0.839849227495871
100,3,1024,1E-05,20,10,Wame,0.85,0.804560260586319,0.838135805562516,0.840140315710348,0.822350288148334,0.849912302681032,0.798847695390782,0.841683366733467,0.833667334669339,0.847945891783567,0.828406813627254,0.801801801801802,0.844594594594595,0.79954954954955,0.810810810810811,0.824324324324324,0.81038374717833,0.846501128668172,0.844243792325056,0.844243792325056,0.839729119638826,9.16100224899128,0,107,90,5,1,48,47,13,2,97,92,20,3,41,12,10,4,47,25,12,5,104,90,28,0.755995401890591,0.743120701012016,0.738140590184221,0,107,105,9,1,48,43,6,2,96,93,21,3,42,12,8,4,47,30,6,5,104,92,19,0.812759214637351,0.775753214536397,0.78139012697558,0,107,102,9,1,48,44,5,2,96,92,27,3,42,3,3,4,47,26,15,5,104,88,30,0.744982733267311,0.716507489163584,0.701252024712579,0,108,93,3,1,47,45,11,2,96,96,23,3,42,6,3,4,47,25,8,5,104,95,36,0.788079563595127,0.734465249092909,0.724563187521531,0,108,104,6,1,48,42,2,2,96,93,21,3,42,12,11,4,47,28,7,5,103,87,31,0.795802789950548,0.755472020617178,0.765395686547617,0,107,96,4,1,48,45,6,2,96,92,28,3,42,0,6,4,47,31,7,5,103,95,33,0.694499430253549,0.729155693364677,0.706733596632069,0,107,103,4,1,48,46,6,2,96,94,18,3,41,6,2,4,47,30,6,5,104,96,32,0.836641875774785,0.767972180210315,0.763639784723714,0,107,102,4,1,48,45,1,2,96,93,24,3,41,3,3,4,47,31,5,5,104,100,32,0.809013947342044,0.758967448228045,0.751756312853994,0,107,107,9,1,48,42,0,2,96,89,14,3,41,7,11,4,47,36,6,5,104,93,29,0.799136381832746,0.772167209448281,0.776122116608049,0,107,106,11,1,48,43,5,2,96,93,17,3,41,12,10,4,47,28,5,5,104,90,23,0.806278392615361,0.768174960334293,0.775936665722325
150,3,1024,1E-05,20,10,Wame,0.85,0.825357053370083,0.808569280881984,0.838636933099474,0.854673014282135,0.846905537459283,0.847444889779559,0.845440881763527,0.841933867735471,0.844689378757515,0.836923847695391,0.84009009009009,0.790540540540541,0.822072072072072,0.842342342342342,0.835585585585586,0.857787810383747,0.857787810383747,0.82844243792325,0.848758465011287,0.82392776523702,9.1916235339595,0,107,99,2,1,48,46,4,2,97,90,14,3,41,19,14,4,47,33,15,5,104,86,22,0.804189417872152,0.800644566730571,0.800965347536613,0,107,98,3,1,48,41,4,2,96,89,22,3,42,21,41,4,47,37,11,5,104,65,12,0.772818132919577,0.768228648836747,0.764159511703956,0,107,103,6,1,48,44,2,2,96,92,23,3,42,0,1,4,47,32,11,5,104,94,36,0.694789806192237,0.737052340017641,0.712740290906614,0,108,104,6,1,47,46,5,2,96,89,13,3,42,10,8,4,47,30,6,5,104,95,32,0.809480789053087,0.776437391574803,0.778438261896007,0,108,106,5,1,48,42,6,2,96,95,21,3,42,7,2,4,47,31,11,5,103,90,28,0.821250892076949,0.757682059555596,0.754146933317797,0,107,105,6,1,48,46,3,2,96,91,20,3,42,17,9,4,47,30,4,5,103,91,21,0.842206728497188,0.802352222324725,0.813039297004893,0,107,106,7,1,48,43,1,2,96,90,12,3,41,6,10,4,47,40,8,5,104,95,25,0.799613127630946,0.789142395100703,0.784725957631848,0,107,103,7,1,48,46,7,2,96,94,20,3,41,3,0,4,47,30,9,5,104,91,33,0.855325217517982,0.747764237746275,0.731286934807687,0,107,105,2,1,48,47,7,2,96,92,22,3,41,7,7,4,47,30,7,5,104,95,22,0.796912158035317,0.773549921555665,0.767937865030817,0,107,104,6,1,48,45,4,2,96,91,22,3,41,7,16,4,47,33,7,5,104,85,23,0.764252748337171,0.757924390448055,0.756071879351156
200,3,1024,1E-05,20,10,Wame,0.85,0.854673014282135,0.878226008519168,0.868454021548484,0.862941618641944,0.851415685291907,0.860971943887776,0.864729458917836,0.86623246492986,0.867735470941884,0.862725450901804,0.849099099099099,0.864864864864865,0.867117117117117,0.867117117117117,0.862612612612613,0.871331828442438,0.864559819413092,0.848758465011287,0.857787810383747,0.835214446952596,9.4353866080055,0,107,105,4,1,48,45,4,2,97,93,10,3,41,18,22,4,47,34,9,5,104,82,18,0.80754673250046,0.804743580306247,0.805663140348765,0,107,105,5,1,48,45,5,2,96,88,11,3,42,19,13,4,47,35,7,5,104,92,19,0.833224417598059,0.819525377656965,0.82408628426976,0,107,105,6,1,48,46,2,2,96,89,17,3,42,10,5,4,47,35,6,5,104,100,23,0.846205875685203,0.801839938096525,0.805035535217736,0,108,103,6,1,47,45,2,2,96,92,17,3,42,17,4,4,47,35,10,5,104,93,20,0.859458011841305,0.818859561767363,0.827001916937574,0,108,106,3,1,48,46,5,2,96,93,19,3,42,8,5,4,47,38,5,5,103,92,24,0.832833997545535,0.800125921180671,0.796003067889255,0,107,102,8,1,48,48,4,2,96,93,11,3,42,22,9,4,47,27,2,5,103,94,23,0.86478518751717,0.822153332696098,0.832983943660208,0,107,106,6,1,48,44,5,2,96,91,11,3,41,17,11,4,47,34,4,5,104,91,23,0.839444988520262,0.81137932343357,0.820343491987632,0,107,106,5,1,48,46,2,2,96,88,13,3,41,16,18,4,47,36,5,5,104,84,24,0.818498368425482,0.804924643757886,0.810252121252679,0,107,106,5,1,48,44,2,2,96,92,18,3,41,9,4,4,47,38,13,5,104,91,21,0.832957676993532,0.79477950650455,0.792214548366506,0,107,105,7,1,48,44,3,2,96,93,16,3,41,8,13,4,47,33,9,5,104,87,25,0.77838893381411,0.766752191702344,0.766288346221349
250,3,1024,1E-05,20,10,Wame,0.85,0.852417940365823,0.874718115760461,0.645702831370584,0.867952894011526,0.878727136056126,0.861472945891784,0.879509018036072,0.86623246492986,0.867234468937876,0.875250501002004,0.858108108108108,0.862612612612613,0.65990990990991,0.871621621621622,0.869369369369369,0.871331828442438,0.857787810383747,0.835214446952596,0.851015801354402,0.846501128668172,9.37502760800999,0,107,104,5,1,48,46,4,2,97,94,19,3,41,21,12,4,47,32,10,5,104,84,13,0.828372437858371,0.816684434762922,0.819911025797983,0,107,100,3,1,48,46,3,2,96,92,17,3,42,14,5,4,47,38,8,5,104,93,25,0.850791774809136,0.814553474463497,0.818742344716253,0,107,104,7,1,48,45,1,2,96,50,2,3,42,39,127,4,47,39,12,5,104,16,2,0.794211799717865,0.723750127769316,0.670077395601913,0,108,105,4,1,47,45,8,2,96,93,15,3,42,17,10,4,47,35,4,5,104,92,16,0.842064641014491,0.822079528528997,0.825689713487986,0,108,106,4,1,48,44,2,2,96,86,16,3,42,18,11,4,47,38,10,5,103,94,15,0.839672833433399,0.82394748459568,0.828528141953711,0,107,105,5,1,48,45,7,2,96,89,18,3,42,19,7,4,47,34,3,5,103,94,17,0.85804012789838,0.822383051911948,0.831906872942808,0,107,102,7,1,48,45,3,2,96,93,17,3,41,20,11,4,47,32,6,5,104,88,19,0.838071803663699,0.812388469344966,0.821246170046082,0,107,104,11,1,48,44,3,2,96,82,12,3,41,17,18,4,47,34,8,5,104,89,21,0.802864578117679,0.789433930430934,0.794933281108633,0,107,107,7,1,48,45,5,2,96,92,9,3,41,19,16,4,47,26,7,5,104,88,22,0.813370585177453,0.793098883832537,0.79885553288643,0,107,105,4,1,48,45,9,2,96,90,18,3,41,20,14,4,47,34,13,5,104,81,10,0.805286476416581,0.807727283071506,0.804072487282372
300,3,1024,1E-05,20,10,Wame,0.85,0.849160611375595,0.868454021548484,0.877975444750689,0.87772488098221,0.870458531696317,0.880511022044088,0.875751503006012,0.884018036072144,0.881763527054108,0.883016032064128,0.831081081081081,0.855855855855856,0.853603603603604,0.871621621621622,0.855855855855856,0.869074492099323,0.893905191873589,0.866817155756208,0.844243792325056,0.889390519187359,9.41006270190701,0,107,106,7,1,48,41,2,2,97,92,14,3,41,13,16,4,47,30,10,5,104,87,26,0.78794222737097,0.76419733085536,0.772344377855879,0,107,106,7,1,48,43,1,2,96,94,17,3,42,21,13,4,47,35,14,5,104,81,12,0.827512197750235,0.814863535086243,0.818460800568427,0,107,105,6,1,48,44,3,2,96,89,12,3,42,17,9,4,47,37,11,5,104,87,24,0.828627924746419,0.808932136678085,0.813570255826862,0,108,105,3,1,47,46,7,2,96,90,6,3,42,21,11,4,47,34,8,5,104,91,22,0.841455049092165,0.831141646966115,0.833340735121139,0,108,104,5,1,48,46,6,2,96,90,22,3,42,16,9,4,47,32,6,5,103,92,16,0.829378728092446,0.802300604095602,0.807750165361361,0,107,106,5,1,48,45,5,2,96,93,14,3,42,23,13,4,47,31,9,5,103,87,12,0.836131766854721,0.824792985914398,0.828478995834964,0,107,102,2,1,48,47,4,2,96,94,17,3,41,21,7,4,47,38,4,5,104,94,13,0.880408547119499,0.856026045910994,0.863025941872735,0,107,102,5,1,48,47,2,2,96,90,21,3,41,14,9,4,47,36,5,5,104,95,17,0.843037371780743,0.815136682434708,0.821203309648205,0,107,105,3,1,48,48,3,2,96,91,14,3,41,10,21,4,47,37,9,5,104,83,19,0.786786553485715,0.793073080422687,0.788535956247402,0,107,106,1,1,48,45,5,2,96,95,14,3,41,19,8,4,47,35,7,5,104,94,14,0.861603541005581,0.838279862999523,0.844663942785335
350,3,1024,1E-05,20,10,Wame,0.85,0.856426960661488,0.881232773740917,0.891004760711601,0.879228263593084,0.884991230268103,0.886523046092184,0.887775551102204,0.894539078156313,0.874498997995992,0.874248496993988,0.851351351351351,0.873873873873874,0.878378378378378,0.86036036036036,0.880630630630631,0.864559819413092,0.889390519187359,0.853273137697517,0.862302483069978,0.846501128668172,9.26804129499942,0,107,102,5,1,48,42,6,2,97,91,15,3,41,23,14,4,47,35,12,5,104,85,14,0.818608320889796,0.814896585176985,0.816114269387426,0,107,104,2,1,48,47,9,2,96,89,10,3,42,17,12,4,47,37,8,5,104,94,15,0.831703688102367,0.829009119663947,0.826507110244331,0,107,104,7,1,48,46,6,2,96,89,13,3,42,23,8,4,47,33,3,5,104,95,17,0.866819629567165,0.836764588190692,0.84634427964627,0,108,104,5,1,47,46,6,2,96,93,10,3,42,18,8,4,47,31,9,5,104,90,24,0.833072970475175,0.810661146543239,0.81503919295168,0,108,107,2,1,48,44,6,2,96,94,14,3,42,22,12,4,47,37,10,5,103,87,9,0.845427435431962,0.840379639101924,0.84104269938325,0,107,103,4,1,48,43,3,2,96,88,11,3,42,24,8,4,47,34,16,5,103,91,18,0.841858450887875,0.825574132468116,0.831374114038978,0,107,104,8,1,48,47,0,2,96,90,15,3,41,20,9,4,47,39,3,5,104,94,14,0.879051876176785,0.851677924904431,0.861565546684394,0,107,104,6,1,48,47,3,2,96,87,13,3,41,20,17,4,47,34,8,5,104,86,18,0.822073662072363,0.815918582296684,0.818208775732115,0,107,106,5,1,48,47,4,2,96,91,16,3,41,15,13,4,47,33,5,5,104,90,18,0.827409923966055,0.80851724540608,0.813138923042728,0,107,107,4,1,48,45,5,2,96,90,11,3,41,20,17,4,47,29,8,5,104,84,23,0.810737354360546,0.797919743722806,0.802204923440252
400,3,1024,1E-05,20,10,Wame,0.85,0.878226008519168,0.879478827361563,0.890503633174643,0.873715860686545,0.886494612878978,0.576152304609218,0.8812625250501,0.888527054108216,0.890781563126252,0.884519038076152,0.842342342342342,0.846846846846847,0.873873873873874,0.855855855855856,0.86036036036036,0.595936794582393,0.891647855530474,0.90744920993228,0.891647855530474,0.860045146726862,9.35308059793897,0,107,106,7,1,48,45,3,2,97,87,13,3,41,16,17,4,47,31,11,5,104,89,19,0.798761815725881,0.788441503899281,0.792178230287171,0,107,105,7,1,48,46,9,2,96,91,17,3,42,19,14,4,47,28,5,5,104,87,16,0.814226474560856,0.795370417664238,0.798585205389977,0,107,105,6,1,48,47,3,2,96,90,7,3,42,21,11,4,47,34,6,5,104,91,23,0.85304610191981,0.832729888866795,0.839861343466332,0,108,103,6,1,47,46,4,2,96,87,13,3,42,18,17,4,47,33,4,5,104,93,20,0.827356764027885,0.810601160889281,0.815984512689282,0,108,107,1,1,48,44,6,2,96,90,16,3,42,21,12,4,47,37,10,5,103,83,17,0.82889917057054,0.822994448779841,0.824126177620525,0,107,93,5,1,48,17,1,2,96,88,24,3,42,5,0,4,47,43,140,5,103,18,9,0.763462944371374,0.558115121576717,0.52203741868301,0,107,102,6,1,48,45,3,2,96,92,10,3,41,26,7,4,47,38,12,5,104,92,10,0.87229080015703,0.862729454291232,0.865840313188147,0,107,106,2,1,48,43,6,2,96,94,7,3,41,30,8,4,47,35,9,5,104,94,9,0.881212526679426,0.874314754598438,0.877316028463967,0,107,103,6,1,48,46,4,2,96,90,10,3,41,25,10,4,47,38,4,5,104,93,14,0.875526770997341,0.861824610142143,0.867365078222078,0,107,104,3,1,48,45,6,2,96,94,14,3,41,19,16,4,47,32,6,5,104,87,17,0.824364465985792,0.811572240500614,0.815350298511781
150,4,1024,1E-05,20,10,Wame,0.85,0.854923578050614,0.838636933099474,0.834878476572288,0.837885241794037,0.835880731646204,0.81938877755511,0.655561122244489,0.81688376753507,0.855961923847695,0.82314629258517,0.835585585585586,0.855855855855856,0.831081081081081,0.804054054054054,0.81981981981982,0.837471783295711,0.668171557562077,0.812641083521445,0.832957110609481,0.82844243792325,10.3547987340717,0,107,102,6,1,48,48,5,2,97,93,16,3,41,17,19,4,47,27,5,5,104,84,22,0.801956813896681,0.784804742295913,0.78789127087018,0,107,106,4,1,48,48,12,2,96,91,10,3,42,11,6,4,47,33,9,5,104,91,23,0.815940864319262,0.796267215625562,0.789837009487049,0,107,107,6,1,48,45,5,2,96,89,17,3,42,9,8,4,47,29,7,5,104,90,32,0.793199589110255,0.760212489933235,0.762103806943585,0,108,104,9,1,47,44,4,2,96,92,32,3,42,1,2,4,47,26,7,5,104,90,33,0.738645928517733,0.716642022936349,0.698541980409576,0,108,106,7,1,48,44,2,2,96,93,17,3,42,1,1,4,47,29,11,5,103,91,42,0.774873318035816,0.731870682364081,0.713611084127263,0,107,104,17,1,48,44,4,2,96,91,16,3,42,9,5,4,47,30,5,5,103,93,25,0.819128946971152,0.765340359690188,0.770043990007873,0,107,101,2,1,48,40,3,2,96,91,10,3,41,33,118,4,47,30,13,5,104,1,1,0.704670441058796,0.696327756563526,0.632361350000182,0,107,95,5,1,48,43,3,2,96,89,12,3,41,1,0,4,47,34,20,5,104,98,43,0.848439303004093,0.733478220914278,0.709534614457419,0,107,99,7,1,48,44,13,2,96,90,18,3,41,13,14,4,47,31,8,5,104,92,14,0.780583871115533,0.77344388915978,0.77158321561419,0,107,100,2,1,48,42,6,2,96,94,16,3,41,14,5,4,47,22,11,5,104,95,36,0.806439537170445,0.751959360899611,0.761622743822742
200,4,1024,1E-05,20,10,Wame,0.85,0.514657980456026,0.822099724379855,0.86670007516913,0.854673014282135,0.841142570784264,0.861472945891784,0.851703406813627,0.612725450901804,0.714428857715431,0.853707414829659,0.5,0.790540540540541,0.849099099099099,0.851351351351351,0.837837837837838,0.873589164785553,0.857787810383747,0.620767494356659,0.708803611738149,0.837471783295711,10.4350788779557,0,107,100,9,1,48,3,0,2,97,0,0,3,41,0,0,4,47,34,196,5,104,85,17,0.483098435485892,0.42296523114653,0.352383844612768,0,107,93,14,1,48,43,5,2,96,88,15,3,42,4,3,4,47,35,23,5,104,88,33,0.753585119737816,0.727955278493407,0.710261419520902,0,107,106,2,1,48,44,3,2,96,90,18,3,42,16,16,4,47,32,6,5,104,89,22,0.815815348755383,0.793732257970924,0.801332637937209,0,108,107,7,1,47,47,1,2,96,91,19,3,42,7,5,4,47,32,2,5,104,94,32,0.835929572518157,0.781670215291669,0.78395113565275,0,108,105,5,1,48,42,6,2,96,90,18,3,42,0,1,4,47,38,7,5,103,97,35,0.707028619527637,0.755830072222605,0.728712427438889,0,107,104,4,1,48,47,2,2,96,94,20,3,42,16,4,4,47,31,2,5,103,95,24,0.880736884509177,0.815525482713438,0.829789501411664,0,107,101,6,1,48,47,8,2,96,94,13,3,41,12,5,4,47,30,5,5,104,96,26,0.83781430284378,0.792719381537468,0.79628548493405,0,107,104,124,1,48,46,2,2,96,94,25,3,41,6,8,4,47,18,5,5,104,7,4,0.675322235194868,0.584348415991502,0.551309020504961,0,107,102,50,1,48,45,5,2,96,91,19,3,41,1,12,4,47,7,18,5,104,68,25,0.581071871911364,0.610976710444235,0.58522401522717,0,107,104,5,1,48,48,6,2,96,91,23,3,41,10,8,4,47,29,3,5,104,89,27,0.811718313024508,0.772762038313077,0.775509545842091
250,4,1024,1E-05,20,10,Wame,0.85,0.844399899774493,0.873966424455024,0.855675269356051,0.858431470809321,0.866449511400652,0.7437374749499,0.865480961923848,0.862474949899799,0.845941883767535,0.8687374749499,0.835585585585586,0.831081081081081,0.851351351351351,0.855855855855856,0.835585585585586,0.756207674943567,0.853273137697517,0.841986455981941,0.841986455981941,0.848758465011287,10.3746605929919,0,107,106,8,1,48,43,3,2,97,89,10,3,41,15,16,4,47,30,15,5,104,88,21,0.786912358838568,0.775719781527924,0.779577426607808,0,107,99,5,1,48,44,11,2,96,87,15,3,42,18,16,4,47,31,12,5,104,90,16,0.784043809070672,0.783613470594605,0.781876898779104,0,107,101,4,1,48,46,3,2,96,90,17,3,42,9,9,4,47,40,9,5,104,92,24,0.808538624385884,0.798287249277754,0.792946712286252,0,108,105,6,1,47,44,5,2,96,88,13,3,42,21,17,4,47,31,5,5,104,91,18,0.827299555617285,0.809938928289992,0.815903306147561,0,108,104,9,1,48,45,1,2,96,90,13,3,42,17,16,4,47,31,11,5,103,84,23,0.801782456973994,0.786305552732083,0.79218473977967,0,107,105,4,1,48,36,1,2,96,92,19,3,42,0,0,4,47,6,14,5,103,96,70,0.607236301183553,0.624890025661305,0.600171509808695,0,107,102,4,1,48,45,5,2,96,95,13,3,41,6,8,4,47,35,6,5,104,95,29,0.798375462996434,0.780806369051787,0.775742678585112,0,107,101,4,1,48,47,5,2,96,87,8,3,41,13,11,4,47,32,8,5,104,93,34,0.809248420110045,0.786916150683965,0.790775323646775,0,107,104,4,1,48,46,2,2,96,88,16,3,41,15,17,4,47,30,4,5,104,90,27,0.814630642141494,0.786083127180676,0.795325746059399,0,107,103,8,1,48,46,7,2,96,90,11,3,41,16,13,4,47,33,6,5,104,88,22,0.814136591536239,0.799495927321763,0.802760904192339
300,4,1024,1E-05,20,10,Wame,0.85,0.609371084941117,0.566274116762716,0.794036582310198,0.882485592583313,0.872964169381107,0.869238476953908,0.856212424849699,0.870991983967936,0.864478957915832,0.88251503006012,0.635135135135135,0.558558558558558,0.774774774774775,0.876126126126126,0.876126126126126,0.855530474040632,0.860045146726862,0.848758465011287,0.875846501128668,0.873589164785553,10.4402237259783,0,107,48,10,1,48,43,33,2,97,83,14,3,41,12,16,4,47,16,25,5,104,80,64,0.603902778372272,0.600406799207028,0.58127673543849,0,107,75,10,1,48,14,36,2,96,86,35,3,42,8,9,4,47,33,52,5,104,32,54,0.517335549248516,0.514788456197036,0.49460325991314,0,107,98,12,1,48,44,6,2,96,85,14,3,42,16,18,4,47,11,3,5,104,90,47,0.75712196284363,0.699725122221518,0.700262699620288,0,108,107,4,1,47,46,2,2,96,88,15,3,42,20,13,4,47,40,6,5,104,88,15,0.851110164136438,0.843256493965714,0.845633674273895,0,108,106,8,1,48,43,3,2,96,90,14,3,42,25,9,4,47,35,8,5,103,90,13,0.858837633210222,0.838086694813955,0.846551249009981,0,107,107,7,1,48,46,5,2,96,92,9,3,42,18,16,4,47,31,6,5,103,85,21,0.820097459939864,0.805009213628301,0.809467575156369,0,107,104,10,1,48,44,2,2,96,88,16,3,41,14,11,4,47,37,5,5,104,94,18,0.832532397044663,0.806306593531542,0.813903358637294,0,107,102,4,1,48,46,9,2,96,89,12,3,41,20,16,4,47,31,5,5,104,88,21,0.817303670386481,0.805370147831964,0.807877202109728,0,107,105,2,1,48,47,6,2,96,92,12,3,41,24,12,4,47,32,7,5,104,88,16,0.847674930330941,0.838529862476187,0.840952999376817,0,107,107,4,1,48,43,2,2,96,91,17,3,41,16,9,4,47,40,8,5,104,90,16,0.847417008201693,0.825073724601812,0.830439337756017
350,4,1024,1E-05,20,10,Wame,0.85,0.808318717113505,0.865697820095214,0.895013781007266,0.872713605612628,0.833876221498371,0.88376753507014,0.865731462925852,0.872745490981964,0.753256513026052,0.791332665330661,0.795045045045045,0.862612612612613,0.864864864864865,0.853603603603604,0.79954954954955,0.871331828442438,0.871331828442438,0.864559819413092,0.769751693002257,0.776523702031603,10.1822373450268,0,107,93,4,1,48,38,7,2,97,88,12,3,41,18,14,4,47,28,27,5,104,88,27,0.753335938571758,0.741494159544252,0.744698880449207,0,107,107,8,1,48,45,1,2,96,87,17,3,42,14,11,4,47,35,5,5,104,95,19,0.835594574506135,0.805870953809784,0.814246425685454,0,107,104,7,1,48,47,1,2,96,92,14,3,42,14,7,4,47,34,9,5,104,93,22,0.841681354192543,0.810071829117613,0.815583544056297,0,108,107,8,1,47,43,1,2,96,93,11,3,42,19,17,4,47,32,8,5,104,85,20,0.823206644400942,0.804154011046742,0.811817500105246,0,108,106,4,1,48,25,6,2,96,89,16,3,42,16,19,4,47,32,26,5,103,87,18,0.742524241299438,0.722643631184179,0.725434547045932,0,107,107,7,1,48,43,6,2,96,90,9,3,42,23,10,4,47,33,10,5,103,90,15,0.841132139216094,0.826144408048973,0.831675322470792,0,107,104,4,1,48,45,5,2,96,91,14,3,41,14,7,4,47,38,7,5,104,94,20,0.844217024040037,0.818533248377878,0.821894504128312,0,107,99,1,1,48,45,4,2,96,93,15,3,41,17,5,4,47,33,9,5,104,96,26,0.852467543730566,0.811887062308778,0.821155765295801,0,107,106,8,1,48,45,14,2,96,88,10,3,41,0,0,4,47,0,0,5,104,102,70,0.530586477549057,0.637598350507229,0.574457407142714,0,107,101,12,1,48,42,5,2,96,86,31,3,41,8,12,4,47,22,8,5,104,85,31,0.731426170011406,0.699212219481396,0.702725834569276
400,4,1024,1E-05,20,10,Wame,0.85,0.333249812077174,0.890754196943122,0.877223753445252,0.830618892508143,0.890002505637685,0.869238476953908,0.887775551102204,0.874248496993988,0.831162324649299,0.631012024048096,0.335585585585586,0.876126126126126,0.855855855855856,0.833333333333333,0.864864864864865,0.855530474040632,0.862302483069978,0.855530474040632,0.844243792325056,0.623024830699774,10.3762290941086,0,107,0,0,1,48,44,12,2,97,33,3,3,41,41,268,4,47,31,12,5,104,0,0,0.42599954484597,0.486074553386464,0.377594841778403,0,107,106,5,1,48,44,2,2,96,94,14,3,42,17,8,4,47,35,6,5,104,93,20,0.856419075098229,0.821693510666219,0.831712665550248,0,107,102,4,1,48,39,5,2,96,91,10,3,42,22,16,4,47,37,14,5,104,89,15,0.818304113596344,0.813416748639333,0.815050284188708,0,108,103,10,1,47,46,8,2,96,88,22,3,42,15,5,4,47,27,4,5,104,91,25,0.82813446286274,0.775950786145822,0.783473017501324,0,108,101,8,1,48,46,8,2,96,92,16,3,42,27,11,4,47,33,7,5,103,85,10,0.843428727696251,0.837013228788344,0.837833948767054,0,107,104,4,1,48,46,5,2,96,81,12,3,42,24,19,4,47,35,11,5,103,89,13,0.82124160148562,0.825705507091846,0.823260730653336,0,107,107,3,1,48,47,6,2,96,91,12,3,41,18,18,4,47,32,1,5,104,87,21,0.836377899405428,0.813916208157581,0.819954705507939,0,107,106,6,1,48,45,6,2,96,87,11,3,41,24,15,4,47,31,4,5,104,86,22,0.835655302005455,0.817711267379033,0.823575495109338,0,107,99,6,1,48,48,12,2,96,84,11,3,41,12,11,4,47,31,10,5,104,100,19,0.790873415838188,0.785671583552108,0.779806457611059,0,107,107,106,1,48,43,5,2,96,0,0,3,41,10,13,4,47,22,6,5,104,94,37,0.556039149580783,0.585277838764476,0.543958333293426
400,5,1024,1E-05,20,10,Wame,0.85,0.465547481834127,0.512152342771235,0.884490102731145,0.865447256326735,0.879478827361563,0.625250501002004,0.827905811623246,0.82565130260521,0.864228456913828,0.663577154308617,0.488738738738739,0.511261261261261,0.86036036036036,0.86036036036036,0.896396396396396,0.613995485327314,0.812641083521445,0.801354401805869,0.848758465011287,0.668171557562077,11.4261614939896,0,107,66,9,1,48,41,5,2,97,81,20,3,41,4,143,4,47,0,1,5,104,25,49,0.489722211338848,0.440664372326556,0.456541506108217,0,107,94,29,1,48,0,0,2,96,0,0,3,42,31,97,4,47,7,30,5,104,95,61,0.300763115073043,0.44649960327779,0.346588847325227,0,107,106,6,1,48,45,2,2,96,92,19,3,42,16,15,4,47,39,9,5,104,84,11,0.824257294555663,0.817486576938009,0.817987290134969,0,108,106,6,1,47,42,7,2,96,93,19,3,42,11,1,4,47,32,4,5,104,98,25,0.872705349074952,0.78815200346672,0.795799166780851,0,108,106,3,1,48,46,5,2,96,88,11,3,42,26,14,4,47,37,3,5,103,95,10,0.873848107029391,0.864182206694945,0.867833024911277,0,107,37,3,1,48,48,6,2,96,40,14,3,42,19,63,4,47,36,2,5,103,92,83,0.709903275576885,0.645667223645773,0.632215350702674,0,107,97,5,1,48,42,5,2,96,87,20,3,41,1,0,4,47,34,16,5,104,99,37,0.844270450324682,0.731251605369905,0.707205503954668,0,107,106,3,1,48,43,8,2,96,91,41,3,41,3,3,4,47,26,8,5,104,86,25,0.757414819271575,0.714614917266596,0.703008141173458,0,107,105,8,1,48,46,2,2,96,90,10,3,41,20,22,4,47,33,6,5,104,82,19,0.820293730601942,0.809255970105512,0.813435950970466,0,107,107,3,1,48,43,3,2,96,4,0,3,41,35,119,4,47,37,13,5,104,70,9,0.793476426338679,0.708578250369247,0.644659501883792
